{
    "rmse": 1.562269498989382,
    "mae": 1.258341670036316,
    "r2": -0.15862107276916504
}